{
    "swagger": "2.0",
    "info": {
        "version": "1.0.0",
        "title": "Blood Bank",
        "description": "Manage the Api",
        "license": {
            "name": "MIT",
            "url": "https://opensource.org/licenses/MIT"
        }
    },
    "host": "",
    "basePath": "",
    "tags": [],
    "schemes": [
        "http",
        "https"
    ],
    "consumes": [
        "application/json"
    ],
    "produces": [
        "application/json"
    ],
    "paths": {
        "File Upload": {},
        "/api/file/uploadFile": {
            "post": {
                "summary": "File Upload",
                "tags": [
                    "File"
                ],
                "consumes": "application/json",
                "produces": [
                    "application/json"
                ],
                "security": [
                    {
                        "basicAuth": []
                    }
                ],
                "parameters": [
                    {
                        "in": "formData",
                        "name": "file",
                        "type": "file"
                    }
                ],
                "responses": {
                    "200": {
                        "description": ""
                    }
                }
            }
        },
        "/api/request/Metadata": {
            "post": {
                "tags": [
                    "Blood Group"
                ],
                "required": [],
                "properties": {
                    "bloodgroup": {
                        "type": "object",
                        "uniqueItems": false
                    }
                }
            }
        },
        "/api/bloodgroup/bloodAllGroup": {
            "get": {
                "summary": "Select blood",
                "tags": [
                    "Blood Group"
                ],
                "security": [
                    {
                        "basicAuth": []
                    }
                ],
                "responses": {
                    "200": {
                        "description": ""
                    }
                }
            }
        },
        "Admin": {},
        "/api/admin/createAdmin": {
            "post": {
                "summary": "Create Admin",
                "tags": [
                    "Admin"
                ],
                "consumes": "application/json",
                "produces": [
                    "application/json"
                ],
                "security": [
                    {
                        "basicAuth": []
                    }
                ],
                "parameters": [
                    {
                        "name": "name",
                        "in": "body",
                        "description": "create admin",
                        "schema": {
                            "$ref": "#/definitions/Admin"
                        }
                    }
                ],
                "responses": {
                    "200": {
                        "description": ""
                    }
                }
            }
        },
        "/api/admin/loginAdmin": {
            "post": {
                "summary": "Login Admin",
                "tags": [
                    "Admin"
                ],
                "consumes": "multipart/form-data",
                "security": [
                    {
                        "basicAuth": []
                    }
                ],
                "parameters": [
                    {
                        "name": "Login",
                        "in": "body",
                        "description": "Login Admin",
                        "schema": {
                            "$ref": "#/definitions/login"
                        }
                    }
                ],
                "responses": {
                    "200": {
                        "description": ""
                    }
                }
            }
        },
        "/api/admin/getAdmin": {
            "get": {
                "summary": "Get Admin",
                "tags": [
                    "Admin"
                ],
                "consumes": "application/json",
                "responses": {
                    "200": {
                        "description": ""
                    }
                }
            }
        },
        "/api/admin/logOut": {
            "post": {
                "summary": "Log out Admin",
                "tags": [
                    "Admin"
                ],
                "consumes": "application/json",
                "responses": {
                    "200": {
                        "description": ""
                    }
                }
            }
        },
        "/api/admin/updateStatus": {
            "put": {
                "summary": "Update user status",
                "tags": [
                    "Admin"
                ],
                "consumes": "multipart/form-data",
                "security": [
                    {
                        "basicAuth": []
                    }
                ],
                "parameters": [
                    {
                        "name": "id",
                        "in": "query",
                        "required": true,
                        "description": "ID of User that we want to update",
                        "type": "string"
                    },
                    {
                        "name": "Status",
                        "in": "body",
                        "schema": {
                            "$ref": "#/definitions/updatestatus"
                        }
                    }
                ],
                "responses": {
                    "200": {
                        "description": ""
                    }
                }
            }
        },
        "user": {},
        "/api/user/createUser": {
            "post": {
                "summary": "Create User",
                "tags": [
                    "User"
                ],
                "consumes": "application/json",
                "produces": [
                    "application/json"
                ],
                "security": [
                    {
                        "basicAuth": []
                    }
                ],
                "parameters": [
                    {
                        "name": "name",
                        "in": "body",
                        "description": "create user",
                        "schema": {
                            "$ref": "#/definitions/User"
                        }
                    }
                ],
                "responses": {
                    "200": {
                        "description": ""
                    }
                }
            }
        },
        "/api/user/updateUser": {
            "put": {
                "summary": "User Updated",
                "tags": [
                    "User"
                ],
                "consumes": "application/json",
                "produces": [
                    "application/json"
                ],
                "security": [
                    {
                        "bearerAuth": []
                    }
                ],
                "parameters": [
                    {
                        "name": "id",
                        "in": "query",
                        "description": "user id"
                    },
                    {
                        "name": "name",
                        "in": "body",
                        "description": "update user detail",
                        "schema": {
                            "$ref": "#/definitions/User"
                        }
                    }
                ],
                "responses": {
                    "200": {
                        "description": ""
                    }
                }
            }
        },
        "/api/user/updateStatus": {
            "put": {
                "summary": "User Updated",
                "tags": [
                    "User"
                ],
                "consumes": "application/json",
                "produces": [
                    "application/json"
                ],
                "security": [
                    {
                        "bearerAuth": []
                    }
                ],
                "parameters": [
                    {
                        "name": "id",
                        "in": "query",
                        "description": "user id"
                    },
                    {
                        "name": "name",
                        "in": "body",
                        "description": "update user status",
                        "schema": {
                            "$ref": "#/definitions/updatestatus"
                        }
                    }
                ],
                "responses": {
                    "200": {
                        "description": ""
                    }
                }
            }
        },
        "/api/user/loginUser": {
            "post": {
                "summary": "Login User",
                "tags": [
                    "User"
                ],
                "consumes": "multipart/form-data",
                "security": [
                    {
                        "basicAuth": []
                    }
                ],
                "parameters": [
                    {
                        "name": "Login",
                        "in": "body",
                        "description": "Login Userl",
                        "schema": {
                            "$ref": "#/definitions/login"
                        }
                    }
                ],
                "responses": {
                    "200": {
                        "description": ""
                    }
                }
            }
        },
        "/api/user/forgetPassword": {
            "put": {
                "tags": [
                    "User"
                ],
                "security": [
                    {
                        "basicAuth": []
                    }
                ],
                "parameters": [
                    {
                        "name": "name",
                        "in": "body",
                        "description": "forget password",
                        "schema": {
                            "$ref": "#/definitions/updatepassword"
                        }
                    }
                ],
                "responses": {
                    "200": {
                        "description": ""
                    }
                }
            }
        },
        "/api/user/getAllUser": {
            "get": {
                "summary": "Select Employee",
                "tags": [
                    "User"
                ],
                "security": [
                    {
                        "bearerAuth": []
                    }
                ],
                "parameters": [
                    {
                        "name": "limit",
                        "in": "query",
                        "description": "Filter user"
                    },
                    {
                        "name": "page",
                        "in": "query",
                        "description": "Filter user"
                    }
                ],
                "responses": {
                    "200": {
                        "description": ""
                    }
                }
            }
        },
        "/api/user/filterUser": {
            "get": {
                "summary": "Select User",
                "tags": [
                    "User"
                ],
                "security": [
                    {
                        "bearerAuth": []
                    }
                ],
                "parameters": [
                    {
                        "name": "search",
                        "in": "query",
                        "description": "Filter user"
                    }
                ],
                "responses": {
                    "200": {
                        "description": ""
                    }
                }
            }
        },
        "/api/user/getUserById": {
            "get": {
                "summary": "Select User",
                "tags": [
                    "User"
                ],
                "security": [
                    {
                        "bearerAuth": []
                    }
                ],
                "parameters": [
                    {
                        "name": "id",
                        "in": "query",
                        "required": true,
                        "description": "ID of User that we want to select",
                        "type": "string"
                    }
                ],
                "responses": {
                    "200": {
                        "description": ""
                    }
                }
            }
        },
        "/api/user/deleteUser": {
            "delete": {
                "tags": [
                    "User"
                ],
                "security": [
                    {
                        "bearerAuth": []
                    }
                ],
                "parameters": [
                    {
                        "name": "id",
                        "in": "query",
                        "required": true,
                        "description": "ID of Employee that we want to delete",
                        "type": "string"
                    }
                ],
                "summary": "Delete detail one-by-one of Employee!",
                "responses": {
                    "200": {
                        "description": "Deleted"
                    }
                }
            }
        },
        "/api/user/contactUser": {
            "get": {
                "tags": [
                    "User"
                ],
                "security": [
                    {
                        "bearerAuth": []
                    }
                ],
                "parameters": [
                    {
                        "name": "donor_id",
                        "in": "query",
                        "description": "Donor Id"
                    }
                ],
                "responses": {
                    "200": {
                        "description": ""
                    }
                }
            }
        },
        "/api/user/logOutUser": {
            "get": {
                "summary": "Log out User",
                "tags": [
                    "User"
                ],
                "consumes": "application/json",
                "responses": {
                    "200": {
                        "description": ""
                    }
                }
            }
        },
        "Reservation": {},
        "/api/reservation/createReservation": {
            "post": {
                "summary": "Create Reservation",
                "tags": [
                    "Reservation"
                ],
                "consumes": "application/json",
                "produces": [
                    "application/json"
                ],
                "security": [
                    {
                        "bearerAuth": []
                    }
                ],
                "parameters": [
                    {
                        "name": "name",
                        "in": "body",
                        "description": "create reservation",
                        "schema": {
                            "$ref": "#/definitions/donateblood"
                        }
                    }
                ],
                "responses": {
                    "200": {
                        "description": ""
                    }
                }
            }
        },
        "/api/reservation/getReservationById": {
            "get": {
                "summary": "Select Reservation",
                "tags": [
                    "Reservation"
                ],
                "security": [
                    {
                        "bearerAuth": []
                    }
                ],
                "parameters": [
                    {
                        "name": "id",
                        "in": "query",
                        "required": true,
                        "description": "ID of Reservation that we want to select",
                        "type": "string"
                    }
                ],
                "responses": {
                    "200": {
                        "description": ""
                    }
                }
            }
        },
        "/api/reservation/updateReservationById": {
            "put": {
                "summary": "Create Reservation",
                "tags": [
                    "Reservation"
                ],
                "consumes": "application/json",
                "produces": [
                    "application/json"
                ],
                "security": [
                    {
                        "bearerAuth": []
                    }
                ],
                "parameters": [
                    {
                        "name": "id",
                        "in": "query",
                        "required": true,
                        "description": "ID of Reservation that we want to update",
                        "type": "string"
                    },
                    {
                        "name": "name",
                        "in": "body",
                        "description": "create reservation",
                        "schema": {
                            "$ref": "#/definitions/donateblood"
                        }
                    }
                ],
                "responses": {
                    "200": {
                        "description": ""
                    }
                }
            }
        },
        "/api/reservation/myReseravations": {
            "get": {
                "summary": "Select Reservation",
                "tags": [
                    "Reservation"
                ],
                "security": [
                    {
                        "bearerAuth": []
                    }
                ],
                "parameters": [],
                "responses": {
                    "200": {
                        "description": ""
                    }
                }
            }
        },
        "Request": {},
        "/api/request/createRequest": {
            "post": {
                "tags": [
                    "Request Blood"
                ],
                "security": [
                    {
                        "bearerAuth": []
                    }
                ],
                "parameters": [
                    {
                        "name": "donor_id",
                        "in": "query",
                        "description": "Donor Id"
                    },
                    {
                        "name": "name",
                        "in": "body",
                        "description": "Request Blood",
                        "schema": {
                            "$ref": "#/definitions/requestblood"
                        }
                    }
                ],
                "responses": {
                    "200": {
                        "description": ""
                    }
                }
            }
        },
        "/api/request/updateRequestById": {
            "parameters": [],
            "put": {
                "tags": [
                    "Request Blood"
                ],
                "security": [
                    {
                        "bearerAuth": []
                    }
                ],
                "parameters": [
                    {
                        "name": "id",
                        "in": "query",
                        "description": "user id"
                    },
                    {
                        "name": "name",
                        "in": "body",
                        "description": "Update Request",
                        "schema": {
                            "$ref": "#/definitions/requestblood"
                        }
                    }
                ],
                "responses": {
                    "200": {
                        "description": ""
                    }
                }
            }
        },
        "/api/request/getRequestById": {
            "get": {
                "summary": "Select Request",
                "tags": [
                    "Request Blood"
                ],
                "security": [
                    {
                        "bearerAuth": []
                    }
                ],
                "parameters": [
                    {
                        "name": "id",
                        "in": "query",
                        "required": true,
                        "description": "ID of Request that we want to select",
                        "type": "string"
                    }
                ],
                "responses": {
                    "200": {
                        "description": ""
                    }
                }
            }
        },
        "/api/request/myRequest": {
            "get": {
                "summary": "Select Request",
                "tags": [
                    "Request Blood"
                ],
                "security": [
                    {
                        "bearerAuth": []
                    }
                ],
                "parameters": [],
                "responses": {
                    "200": {
                        "description": ""
                    }
                }
            }
        }
    },
    "securityDefinitions": {
        "basicAuth": {
            "type": "basic"
        },
        "bearerAuth": {
            "type": "apiKey",
            "name": "token",
            "in": "header"
        }
    },
    "definitions": {
        "Admin": {
            "required": [
                "first_name",
                "last_name",
                "username",
                "profile_image",
                "email",
                "password"
            ],
            "properties": {
                "first_name": {
                    "type": "string",
                    "uniqueItems": false
                },
                "last_name": {
                    "type": "string",
                    "uniqueItems": false
                },
                "username": {
                    "type": "string",
                    "uniqueItems": false
                },
                "profile_image": {
                    "type": "string",
                    "uniqueItems": false
                },
                "email": {
                    "type": "string",
                    "uniqueItems": false
                },
                "password": {
                    "type": "string",
                    "uniqueItems": false
                }
            }
        },
        "User": {
            "required": [
                "first_name",
                "last_name",
                "username",
                "profile_image",
                "email",
                "city",
                "state",
                "pincode",
                "blood_group",
                "weight",
                "mobile",
                "age",
                "gender",
                "password"
            ],
            "properties": {
                "first_name": {
                    "type": "string",
                    "uniqueItems": false
                },
                "last_name": {
                    "type": "string",
                    "uniqueItems": false
                },
                "city": {
                    "type": "string",
                    "uniqueItems": false
                },
                "state": {
                    "type": "string",
                    "uniqueItems": false
                },
                "pincode": {
                    "type": "number",
                    "uniqueItems": false
                },
                "username": {
                    "type": "string",
                    "uniqueItems": false
                },
                "profile_image": {
                    "type": "object",
                    "uniqueItems": false
                },
                "email": {
                    "type": "string",
                    "uniqueItems": false
                },
                "weight": {
                    "type": "number",
                    "uniqueItems": false
                },
                "blood_group": {
                    "type": "string",
                    "uniqueItems": false
                },
                "mobile": {
                    "type": "string",
                    "uniqueItems": false
                },
                "age": {
                    "type": "number",
                    "uniqueItems": false
                },
                "gender": {
                    "type": "string",
                    "uniqueItems": false
                },
                "password": {
                    "type": "string",
                    "uniqueItems": false
                }
            }
        },
        "UpdateUser": {
            "required": [
                "first_name",
                "last_name",
                "username",
                "email",
                "weight",
                "blood_group",
                "profile_image",
                "mobile",
                "age",
                "gender",
                "password"
            ],
            "properties": {
                "first_name": {
                    "type": "string",
                    "uniqueItems": false
                },
                "last_name": {
                    "type": "string",
                    "uniqueItems": false
                },
                "username": {
                    "type": "string",
                    "uniqueItems": false
                },
                "image": {
                    "type": "string",
                    "uniqueItems": false
                },
                "email": {
                    "type": "string",
                    "uniqueItems": false
                },
                "mobile": {
                    "type": "string",
                    "uniqueItems": false
                },
                "age": {
                    "type": "number",
                    "uniqueItems": false
                },
                "gender": {
                    "type": "string",
                    "uniqueItems": false
                },
                "password": {
                    "type": "string",
                    "uniqueItems": false
                },
                "weight": {
                    "type": "number",
                    "uniqueItems": false
                },
                "blood_group": {
                    "type": "string",
                    "uniqueItems": false
                },
                "profile_image": {
                    "type": "object",
                    "uniqueItems": false
                }
            }
        },
        "updatestatus": {
            "required": [
                "status"
            ],
            "properties": {
                "status": {
                    "type": "number",
                    "uniqueItems": "false"
                }
            }
        },
        "updatepassword": {
            "required": [
                "email",
                "password"
            ],
            "properties": {
                "email": {
                    "type": "string",
                    "uniqueItems": "false"
                },
                "password": {
                    "type": "string",
                    "uniqueItems": "false"
                }
            }
        },
        "login": {
            "required": [
                "email",
                "password"
            ],
            "properties": {
                "email": {
                    "type": "string",
                    "uniqueItems": "false"
                },
                "password": {
                    "type": "string",
                    "uniqueItems": "false"
                }
            }
        },
        "donateblood": {
            "properties": {
                "donor_name": {
                    "type": "string",
                    "uniqueItems": false
                },
                "age": {
                    "type": "number",
                    "uniqueItems": false
                },
                "gender": {
                    "type": "string",
                    "uniqueItems": false
                },
                "donor_mobile": {
                    "type": "string",
                    "uniqueItems": false
                },
                "weight": {
                    "type": "number",
                    "uniqueItems": false
                },
                "hospital_name": {
                    "type": "string",
                    "uniqueItems": false
                },
                "hospital_address": {
                    "type": "string",
                    "uniqueItems": false
                },
                "city": {
                    "type": "string",
                    "uniqueItems": false
                },
                "pincode": {
                    "type": "number",
                    "uniqueItems": false
                },
                "state": {
                    "type": "string",
                    "uniqueItems": false
                },
                "reservation_date": {
                    "type": "string",
                    "uniqueItems": false
                }
            }
        },
        "requestblood": {
            "properties": {
                "patient_name": {
                    "type": "string",
                    "uniqueItems": false
                },
                "patient_mobile": {
                    "type": "string",
                    "uniqueItems": false
                },
                "patient_email": {
                    "type": "string",
                    "uniqueItems": false
                },
                "blood_group": {
                    "type": "string",
                    "uniqueItems": false
                },
                "city": {
                    "type": "string",
                    "uniqueItems": false
                },
                "pincode": {
                    "type": "number",
                    "uniqueItems": false
                },
                "state": {
                    "type": "string",
                    "uniqueItems": false
                },
                "hospital_name": {
                    "type": "string",
                    "uniqueItems": false
                },
                "hospital_address": {
                    "type": "string",
                    "uniqueItems": false
                },
                "doctor_name": {
                    "type": "string",
                    "uniqueItems": false
                },
                "hospital_mobile": {
                    "type": "string",
                    "uniqueItems": false
                },
                "date_needed": {
                    "type": "string",
                    "uniqueItems": false
                }
            }
        }
    }
}